City,Average Weekly Workplace Earnings 2012  (£),Average Weekly Workplace Earnings 2013  (£),Average Weekly Workplace Earnings 2014  (£),Average Weekly Workplace Earnings 2015  (£),Average Weekly Workplace Earnings 2016  (£),Average Weekly Workplace Earnings 2017  (£),CO2 Emissions per Capita 2005  (tons),CO2 Emissions per Capita 2006  (tons),CO2 Emissions per Capita 2007  (tons),CO2 Emissions per Capita 2008  (tons),CO2 Emissions per Capita 2009  (tons),CO2 Emissions per Capita 2010  (tons),CO2 Emissions per Capita 2011  (tons),CO2 Emissions per Capita 2012  (tons),CO2 Emissions per Capita 2013  (tons),CO2 Emissions per Capita 2014  (tons),CO2 Emissions per Capita 2015  (tons),Employment Rate 2012  (%),Employment Rate 2013  (%),Employment Rate 2014  (%),Employment Rate 2015  (%),Employment Rate 2016  (%),Employment Rate 2017  (%),Housing stock 2015,Housing stock 2016,Mean house price  2014  (£),Mean house price  2015  (£),Mean house price  2016  (£),Mean house price  2017  (£),Other Private Services 2010  (%),Other Private Services 2011  (%),Other Private Services 2012  (%),People Born Outside the UK 2001  (%),People Born Outside the UK 2011  (%),People who Work from Home 2001  (%),People who Work from Home 2011  (%),Population 2006,Population 2007,Population 2008,Population 2009,Population 2010,Population 2011,Population 2012,Population 2013,Population 2014,Population 2015,Population 2016
Aberdeen,574.7,589,623.8,615,602.7,596.6,8.6631275,8.6636112,8.2782658,8.2318354,7.3104337,7.5439255,6.9865787,7.30174,6.9275067,6.1379551,5.7963097,76.3,75.1,76.3,76.2,75.33,73.57,114234,115080,213683.6765,220795.7395,203734.288,199931.454,33.78041,33.59429,34.67058,6.669985568,15.91926138,,,209600,212500,214000,217000,219700,222500,224900,227100,228900,230400,229800
Aldershot,600.9,568.9,596.6,592.5,564.9,588.3,7.5829406,7.6506434,7.4472179,7.5196828,6.7958764,6.9608425,6.3141851,6.525709,6.3187285,5.5356018,5.3522852,78.1,71.2,77.9,83.4,83.83,78.25,73940,74370,302733.5712,328570.4755,363686.7,386147.5,45.69882,48.32263,48.80762,9.121901671,15.50199777,9.52350074,11.15298527,174300,176100,176900,177700,179200,180700,181500,181900,182800,183400,184700
Barnsley,426.2,435.4,451.8,461.2,448.1,453.2,8.6361858,8.7276511,7.8509282,7.798001,6.9012358,7.2838132,6.5850553,6.9274145,6.9912977,5.6349092,5.3790443,66.8,68.9,72.4,73.3,71.1,71.14,107830,108530,126870.8695,123452.152,125480.4,126183.7,36.80468,38.81633,36.82859,1.731127273,3.374693475,7.409535397,7.670473745,224400,226000,227800,229000,230100,231900,233700,235800,237800,239300,241200
Basildon,474.3,506.1,477.6,514.4,516.5,501.2,6.7708156,6.7083674,6.728959,6.3915235,5.669746,5.9604114,5.2984734,5.6623834,5.3662843,4.5961581,4.4519135,76.7,68.4,74.3,76.9,77.16,70.96,76120,76940,243726.346,261855.8893,304243.4,314488.3,43.7812,43.9719,44.55713,4.337984983,7.197258406,7.010144909,7.809074043,170000,170900,172400,173100,173800,175000,176500,178400,180500,181700,183400
Belfast, , ,459.5,488.1,502.8,513.5,7.1107011,7.329358,7.442331,7.2440118,6.7065373,6.9764309,6.3429227,6.4567261,6.4554349,6.1148932,5.3597826, , ,68.397,66.2006,68,70.89,212402,214132, , , , , , , ,4.299858807,7.206070427,5.512411049,7.957549824,454200,456600,460600,464100,467400,469200,470300,471900,475500,479100,480800
Birkenhead,372.6,394.6,422.2,428,425.5,428,6.2038392,6.1127937,6.0013599,5.7878556,5.1462967,5.3407328,4.6774994,4.9959536,4.8718114,4.1596906,4.1298187,68.6,70.9,67.7,67.4,69.74,71.3,146810,147300,167115.7523,166294.5655,172426.1,180858,39.27745,38.27414,39.90947,3.189775809,4.043366908,7.103807844,8.291347755,315400,315700,316700,317800,319100,319800,320200,320300,320900,320900,321200
Birmingham,466.2,475,461.4,482.3,506.5,527.2,6.8250698,6.7653195,6.5387858,6.353623,5.5747351,5.7827427,5.2785586,5.484199,5.3156452,4.6773406,4.4208317,62.2,63.2,64,64.3,64.23,66.69,1007070,1013140,169422.5889,174029.0018,179996.1,190984.4,39.14079,39.73425,41.1553,11.29223183,15.99127919,7.568093598,7.632824287,2325900,2340300,2360900,2379700,2400300,2422800,2439600,2453700,2470900,2488200,2512000
Blackburn,446.4,477.6,458.4,473.7,481.1,488.3,8.1046449,8.0889627,7.8162503,7.9944964,6.8923692,7.2329419,6.0752955,5.6853628,5.4123562,4.7254221,4.426234,61,64.6,62.5,65.6,65.31,64.51,60290,60380,118449.8859,118872.4309,119221.8,123941.3,37.3606,37.42419,37.31472,10.8649789,14.77669521,8.130157189,8.145663632,143100,143900,144900,146200,147000,147700,147700,147400,146700,146800,147000
Blackpool,419.7,430.9,491.6,494.9,502,500.3,6.9917851,7.0127547,6.7413106,6.9372646,6.3204033,6.641592,5.9023523,5.9149806,5.6988695,5.0794616,4.784336,70,71.1,68.8,68.7,75.16,73.96,107540,108100,148028.5202,147795.1044,148399.2,158178.7,37.1442,37.60318,37.99585,3.666080403,5.269440185,10.11885852,10.66205214,218600,218900,218200,218000,218400,218200,218000,217800,217500,216900,217200
Bournemouth,442,453.8,455.4,467.9,479.8,502.5,6.3557736,6.2659521,6.0505109,5.9705687,5.390004,5.468511,4.8890769,5.125216,4.9085544,4.199444,4.0785919,73.7,75.9,74.6,75.6,76.09,76.26,218290,219670,279850.7279,296454.7948,311181.3,331745.4,43.4408,41.88057,42.21944,6.041032552,9.97030387,9.913456024,11.30777506,440000,446400,450400,454000,460900,466700,471100,474000,478600,482800,487800
Bradford,429.6,437.3,447.5,454.1,476.2,455.3,6.40543,6.2682626,6.1268799,5.9069655,5.3148704,5.5358881,4.9860015,5.2355457,5.127375,4.4748688,4.2332823,63.4,65.6,66.1,64.9,65.15,67.75,210730,211640,146283.8237,151250.3905,153002.4,157440.7,37.47382,38.15218,35.82742,11.79843993,17.1516235,8.19503268,8.820802331,495700,501400,507300,512400,518000,523100,524600,526400,528200,531200,534300
Brighton,444.3,434.2,447.4,468.8,472,495.9,5.628141,5.5420545,5.378807,5.2237312,4.7156033,4.8770516,4.3347623,4.5712798,4.349905,3.7740607,3.6265528,72.6,71.9,75.4,71.9,73.83,75.37,154310,155020,320275.2545,338400.781,367591.1,394636.8,40.9265,43.23064,43.85034,9.572724079,13.95213286,9.210080782,12.02690641,315900,318700,322700,326600,330700,334300,337700,340600,344300,348700,352700
Bristol,465.2,488,498.2,505.2,525.5,547.3,8.0870305,7.9207054,7.820959,7.0389494,6.3253842,6.4411132,5.8748676,6.0904943,5.8856795,5.2131124,4.9151863,72.9,73.3,72.2,77.5,77.33,78,307850,310500,232983.2792,249601.0424,275074.5,292813.6,38.88203,39.94855,39.46278,6.477897641,11.63862281,7.825028543,8.838586426,663700,668500,672800,678700,684500,691500,698600,706600,714000,724000,731800
Burnley,429.7,458.8,428.6,415,458.6,458.6,7.0525034,6.9208256,6.7276155,6.5188735,5.7905452,6.0860853,5.4148376,5.7829605,5.64954,4.9598343,4.8030446,68.6,63.9,61.9,67,73.98,76.85,79710,80040,105627.5066,99866.08897,104039.8,102320,35.48266,34.48563,35.98929,6.901547101,9.314433661,7.740209972,8.147746492,176400,176100,176300,176300,176100,176600,176700,177000,177100,177500,178100
Cambridge,538.5,547.8,546.7,580.3,604.7,608.6,6.6963476,6.9020283,6.811984,6.8578073,6.1675846,6.30365,5.6895527,6.056419,5.7990458,4.7587604,4.2301346,68.3,76.6,78.8,77.6,76.5,72.88,51120,52000,417356.0391,470602.1327,464265.7,505186.6,23.90008,23.30763,23.31667,19.13636948,29.37101892,8.563827627,10.79630533,116700,115500,116200,116700,120200,122700,125200,126700,128500,130900,131800
Cardiff,477.5,494.7,482.6,493.8,515.1,504.7,8.3950719,7.6537831,7.4211141,7.3578848,6.7223325,6.7657766,5.8732354,6.4586679,6.1154755,5.5119413,5.0612566,64.8,64.8,68.9,67.6,69.13,68.65,149962,150588,195293.7732,200911.0821,211555.7,218025.5,38.76541,37.42198,40.18354,7.519673565,13.28180531,6.672091756,7.516884484,323800,328200,332800,337700,341400,345400,348500,351700,354300,357200,361500
Chatham,428.9,443,451.6,460,471.7,493.6,5.3203276,5.2794024,5.119906,5.0115704,4.5308296,4.6903602,4.2131527,4.3916623,4.2182234,3.6119605,3.4950878,70.1,67.4,69.7,71,72.29,74.33,112620,113170,191903.4267,207275.0112,231766.6,252265,39.16628,41.33525,39.75628,6.200124251,10.35748792,7.617482306,7.831777029,253500,255800,258200,260200,262700,264900,268200,271100,274000,276500,278500
Coventry,499,520.3,516.1,505.4,518.4,532.3,7.1606135,7.0202327,6.6025988,6.3460809,5.5286257,5.754177,5.0824792,5.3705066,5.0938258,4.5794821,4.1946386,64.7,64.1,63.4,66.1,66.27,69.84,136980,138390,153629.3676,162927.7255,172894.6,181946.5,36.16722,33.32403,33.01473,13.00269567,21.21182484,6.507473134,7.30081419,300100,301400,305200,307400,311700,316900,323100,329800,337400,345400,352900
Crawley,555.2,634.7,614.2,637.2,634.3,632.5,8.7724496,8.8442386,8.5641703,8.466634,7.5438515,7.6883846,6.8932496,7.0541139,6.8068442,5.2820932,5.3826732,77,71.5,75.2,74.9,84.82,86.6,44130,44680,240053.5321,262870.3409,288363,303831.3,64.74459,67.89423,68.52801,11.54204811,20.2613582,7.12536919,6.638300941,100700,101600,102800,103800,105500,107100,108300,109000,109900,110900,111400
Derby,578.3,576.7,594.3,588.3,572.8,594.6,7.4444344,7.1914683,6.8517408,7.1083322,6.6991044,6.5741509,5.9879344,5.666429,5.8927647,4.9003538,4.5372341,69.7,70.8,72.7,73.3,73.87,72.96,108020,108500,153424.3637,156863.8661,158444,162871.1,37.03936,37.31722,37.23479,8.527338094,13.91787805,6.823181847,6.963939442,238100,239900,241900,244000,247000,248900,250600,251400,252500,254300,256200
Doncaster,430.2,421.8,438.4,436.8,439.5,447,9.4545313,9.2357991,8.8399035,8.6277631,7.8458582,8.0698003,7.4517142,7.8193626,7.6815335,7.0385754,6.7915303,63.7,66,70.1,68.6,71.72,72.28,133040,134200,133951.6084,133681.832,136573.1,137598.9,45.84873,45.19964,42.99379,2.865309537,6.173570281,7.789004156,8.261405672,294000,296200,298400,300200,301300,302500,302700,303600,304200,304800,306400
Dundee,453.7,467.5,498,491.9,477.4,502.8,7.4564745,7.4661633,7.3743975,7.1438785,6.427899,6.5505382,5.9495245,6.1548899,5.9308594,5.1108191,4.8508417,63.8,64.1,61.5,64.1,63.81,64.08,73689,74026,126521.0907,131266.1427,132498.624,132654.787,33.6974,33.70717,34.40267,5.198425595,9.007387891,,,143400,143700,144300,145200,146100,147200,147800,148100,148100,148200,148300
Edinburgh,547,565,556.6,566.2,577.1,597.5,7.6379684,7.675048,7.546038,7.4296824,6.689377,6.835295,6.1091008,6.4118509,6.1523157,5.1589537,4.8861387,70.7,72.4,72.4,74,71.12,74.02,241433,244131,227022.7364,238233.7387,234409.174,249165.502,35.04381,33.82711,39.95919,9.10010603,15.90219585,,,452100,456000,458500,463200,469900,477900,482600,487500,492600,498800,507200
Exeter,455.6,463.7,466.6,493.5,519.8,498.6,7.6407982,5.9104093,5.6870907,5.9304442,5.2266685,5.3712085,4.7488333,5.1006934,4.9236686,4.3025455,3.7557357,74.1,76.3,79,76.3,75.97,69.54,52830,53480,233461.124,249473.6954,255800.9,266301.7,39.7062,39.81614,38.78372,6.036570544,11.0500709,7.776766523,8.444319992,113100,114100,114200,114400,115700,117100,119400,121800,124300,127300,129800
Glasgow,486.4,509.4,501.5,499.3,523.8,526.1,7.3548975,7.3138299,7.1497168,7.0597451,6.2638518,6.5267993,5.9668535,6.201815,5.9587488,5.0869794,4.7880835,65.8,63.9,67.5,68.2,69.19,70.25,472749,476139,150390.134,155500,156980.749,165276.546,42.80314,42.47759,42.85365,4.920343564,9.244796125,,,935100,938500,943700,949600,955500,963600,966300,967800,973000,980800,992300
Gloucester,478.2,491.8,486.8,515,536,526,6.3334093,6.2676619,6.0384266,5.8818737,5.2755704,5.4764128,4.947016,5.273623,5.0722765,4.1376255,3.7632924,73.6,77.9,77,73.9,80.65,79.98,54780,55250,166654.1312,175783.2025,187614.4,196182.5,37.88878,38.7083,38.12987,6.620497607,10.47350602,7.172505712,7.134943136,115300,117200,118400,119300,120700,121900,123400,124600,125600,127200,128500
Huddersfield,406.4,422.1,396.9,392.1,421.3,423.9,7.1498069,6.9630372,6.6267045,6.4321505,5.8126565,6.0440302,5.4769343,5.5148858,5.4786544,4.9838413,4.818015,67.3,69.5,67.9,70.5,69.95,70.68,184190,185320,154010.1675,154906.1888,163072.7,162447.8,39.29826,40.16717,37.98207,7.798872272,10.80273069,8.436532063,9.208043784,404300,408000,411800,414800,418300,423000,425500,428300,431000,434300,437000
Hull,420.8,413,429.3,441.6,461.8,465.7,7.0160266,6.8496522,6.5124796,6.3964344,5.7231712,5.9526813,5.3624573,5.5577244,5.4863928,4.7426722,4.5299237,61.6,61.7,64.7,64.2,67.36,70.36,118150,118700,106924.5841,104320.8771,108059.4,111152.5,40.85598,40.29018,36.76989,3.022005091,8.510331271,5.414699722,5.117985988,255500,255800,256700,256100,256200,256100,257200,257600,257700,259000,260200
Ipswich,452.5,446.1,448.4,454.9,492.5,506.1,5.8000507,5.6812449,5.471128,5.2749843,4.6840046,4.8085863,4.176963,4.3219564,4.2222247,3.6925293,3.4455945,73.7,75.4,74.8,73.3,73.75,73.69,60320,60810,170210.2132,176178.3697,201330.4,202863.5,41.24649,41.4256,42.34777,6.093842093,11.83275355,6.684536464,7.138166435,124800,125500,127400,129300,131700,133700,134500,134700,135000,135600,135900
Leeds,488.4,487.5,491.8,516.3,525.2,532.9,7.8184359,7.7726416,7.5624072,7.3808056,6.6660674,6.9041287,6.3039912,6.5535613,6.3471459,5.5628422,5.2885613,66.5,68.7,68.2,73.1,73.23,75.71,339520,341990,177992.8521,180379.5039,187240.3,193701.6,40.03458,40.41734,38.38166,6.645037469,11.46316959,7.426199548,8.345977901,736200,738600,741700,743900,747600,750700,757700,761500,766400,774100,781700
Leicester,444.8,456.8,456,469.2,469.1,479.8,7.1420703,6.950955,6.6725027,6.4940815,5.8524653,5.9969167,5.4138548,5.7924638,5.6185123,5.0731014,4.6351434,66.3,65.6,68.3,68.2,67.68,69.4,194750,196730,164158.5924,170771.4293,180068.5,191667.4,35.98026,36.00848,36.51064,17.60644392,26.14413949,7.997604765,7.717432801,455300,460500,465000,468800,474000,479700,482300,485000,489400,495000,501800
Liverpool,475.4,491.4,494.7,482.9,502.8,511.5,6.9777272,6.8756008,6.7315184,6.4411973,5.8821893,6.1046388,5.586102,5.8913847,5.637369,4.8285627,4.5511521,60.7,60.7,61,61.2,63.91,66.84,282790,285100,132415.478,134343.6372,132236.3,137107.5,37.20179,39.92788,40.73115,3.953653947,8.089229603,5.577414959,6.081967784,601800,601800,602300,604600,607800,611600,615600,616900,619500,625800,632500
London,677.5,681.8,677,674.3,695.9,726.7,6.586196,6.6718597,6.4167888,6.2181676,5.5370264,5.7272133,5.0817798,5.3594842,5.1031424,4.3915835,4.0662392,68.2,69.8,71.5,72.7,73.68,74.34,3960310,3994540,504565.3707,532290.1442,563636.7,592463.9,46.7445,46.86951,46.37915,24.84408142,34.01370191,8.710784962,9.681417591,8720900,8828600,8958900,9099500,9230300,9383800,9497800,9617300,9752300,9896000,10018200
Luton,441.3,504.4,479.3,515.9,528.4,571.2,5.8205812,5.7702075,5.4911692,5.3147731,4.664228,4.8708125,4.2721534,4.469981,4.2727521,3.6777537,3.4142275,67.3,64.8,67.6,68.1,68.5,69.81,77100,77730,177219.9328,198122.6161,227263.4,248168.9,47.84971,45.64143,47.37169,19.63996116,30.94079261,7.317783903,6.918083878,187300,189700,192100,195400,199600,203600,205800,208000,211000,214700,216800
Manchester,466.2,475.2,476.2,483.5,500.8,511.5,7.2352804,7.1872144,6.9077125,6.7586443,6.052951,6.2737449,5.5671399,5.9616421,5.7435999,4.9599988,4.6589091,65.8,67.2,67.6,68.6,69.71,70.39,1046030,1051580,164555.333,166773.8864,176482.1,186794.7,42.16486,41.4122,42.81829,7.962272629,13.19384153,7.826859795,8.199633489,2274200,2289200,2308000,2325500,2345500,2367300,2383500,2395300,2411900,2434100,2459200
Mansfield,421.4,419,431.2,422.1,453.8,472.4,7.3395204,7.1666882,6.9438133,6.9247171,6.1812185,6.3384778,5.6840876,5.9693672,5.9613694,5.4531707,5.1228586,65.7,67.4,68.8,76.4,74.47,71.55,102350,103300,130419.5427,131177.6093,136556.2,138577.5,39.04796,38.99224,37.46146,2.122227313,4.195782339,7.124034124,7.512271329,217100,218400,220200,221600,222700,224100,224900,226800,228400,230100,231900
Middlesbrough,423.9,431.5,440.8,451.8,452,476.8,32.5535798,31.3513478,32.0581173,30.5064067,26.2240196,17.8858969,15.149809,26.0875348,29.2648974,26.5035224,23.0474761,63.9,64,67.1,67.9,68.82,69.01,208310,209460,142884.4519,140537.8571,139109.5,138054.2,38.06083,37.87627,38.28261,3.110002896,4.993561895,6.98142113,6.942122885,463100,463100,463400,463100,464000,465400,466100,467100,468300,469600,471500
Milton Keynes,552.5,571.4,577.3,576.3,627.7,618.8,8.7146086,8.6546166,8.3920122,8.12508,7.2886993,7.2685462,6.464133,6.9881426,6.7785581,5.9469151,5.5976485,74.9,73.9,73.3,76,73.85,76.73,107550,108740,233865.6989,253916.9326,267142.3,280203.8,44.9127,46.0538,48.23404,9.8968873,18.54184333,8.561409353,9.77281798,227200,231000,235600,240200,245500,249900,252400,255700,259200,261800,264500
Newcastle,454.4,469.6,471.2,479.1,483.2,501.1,7.2412122,7.1343061,6.8656656,6.6692265,6.0152939,6.2133509,5.6019985,5.8904296,5.7121596,4.9575993,4.7556369,65.1,64.8,66.9,70.2,70.15,70.36,383580,385990,157916.3691,159769.4223,161049,162130.9,39.37971,39.37164,40.06482,3.934374686,7.277296191,6.920218038,6.907169365,808100,811600,814300,818400,824000,828800,832500,837500,841800,845000,850800
Newport,416.3,444.9,433.5,443.7,464.9,473,11.5934608,11.7988976,10.8088677,10.2772675,8.5165557,9.1835873,8.3060298,8.1681318,8.3664864,7.4132706,6.9090111,67.3,66.9,69.3,69.7,69.38,73.79,106155,107117,154379.1836,153418.5116,157643.5,157859.7,37.66992,37.08732,38.65919,3.384528996,6.240841853,6.522438993,6.983920741,231400,232400,233800,235000,235900,237000,237500,238000,238500,239600,241200
Northampton,476,505.2,481.7,465.8,491.1,508.4,7.1270765,6.9121237,6.6034751,6.4655651,5.6140981,5.7719055,5.191922,5.5608957,5.2797821,4.6896622,4.3002671,73.2,73.5,73.3,78.6,78.66,77.31,94090,94830,178487.3596,186578.1501,196791,216791.4,45.80493,44.96345,42.75416,8.579715809,16.32817621,7.450284754,7.919132519,200400,203000,205600,207900,210100,212500,214600,216700,219500,222500,225500
Norwich,415.5,435.3,422.3,432.1,436.6,450,7.5889956,7.5279776,7.2385211,7.0986836,6.6549573,7.1103268,6.2782009,6.3208538,6.175566,5.5241751,5.3074428,75.1,74.2,71.8,75.5,79.32,77.66,120550,121680,201041.1273,212385.9874,227286.6,240216.6,43.21365,44.04158,43.6021,4.714438645,8.676377947,8.2667073,9.2808454,249200,250200,251400,253000,255400,256900,259500,261400,263400,265500,268500
Nottingham,449.4,451.1,457.4,454.8,469.5,486.1,7.3834014,7.1714771,6.9911132,6.7237411,6.1217509,6.4983357,5.600433,5.7380308,5.5060328,4.9022678,4.6178123,66.6,65.9,67.1,69.1,71.93,68.67,286350,287940,148368.1599,153239.4853,161155.4,170148.4,41.4904,43.80909,45.23447,6.731252892,12.26234451,7.404698855,8.127884763,616400,618500,622600,628000,633800,639600,646300,650100,655700,661600,669400
Oxford,524.1,557.3,555.7,584.2,577.2,600.3,7.1082163,7.1348515,6.7277552,7.0785241,6.3684425,6.5845592,5.8935583,6.2402982,5.9245768,4.7593374,4.2648813,72.6,71.5,75,75.5,74.58,79.72,58030,58400,425723.9021,453215.9185,485554,523150.3,12.94438,15.06691,13.43371,19.30651769,28.46431346,8.434015643,10.43878121,144500,144200,144400,145500,147900,150200,152500,154800,158000,159600,161300
Peterborough,455.9,486.1,479.7,483.1,510.7,497.2,8.2490643,8.0838332,7.946801,7.7242904,6.9434248,7.0706121,6.4796171,6.686234,6.4600578,5.7065271,5.4046151,68.9,70.7,74,74.1,75.47,74.61,80480,81400,170642.5118,169119.324,184039.7,191913.9,47.16286,48.69782,50.63666,9.769054302,20.63486013,7.537798155,8.130025896,169900,172400,176000,179000,181800,184500,186400,188400,190500,194000,197100
Plymouth,457.5,456.2,461.9,472.6,460.3,466.8,5.9670937,5.9544229,5.8201138,5.6278573,5.1079912,5.2282714,4.7305016,4.8865539,4.7101496,4.0355387,3.8459315,70.1,70.2,71.7,73.4,74.04,75.54,115560,116690,171481.5259,176049.0015,178588,182856.8,39.61903,39.02297,38.1673,4.313217173,7.101457189,6.59253824,6.723647694,249200,251200,252500,253100,254200,256600,258000,259200,261500,262700,264200
Portsmouth,497.5,476.5,506.6,503.3,514.6,519.7,6.1135095,6.0365476,5.8179318,5.7223123,5.1461589,5.3156396,4.7873174,5.0124903,4.8223045,4.1295823,3.9955085,72.7,74.1,72.9,75,74.3,74.78,229250,230800,214563.6596,222162.1275,236903,253891.9,43.31596,43.82372,43.01958,5.675097444,8.179742779,7.490428154,8.258740078,501800,503200,507000,511200,516500,520800,524200,526100,529900,534200,539200
Preston,428.7,430,432.7,448.4,458.9,479.6,8.5870593,8.4437312,8.1563526,7.9517033,7.2142121,7.5647237,6.8494552,7.0535976,6.8685974,6.304957,6.1390388,74.1,73.1,72.9,72.7,76.65,77.16,159290,160810,162741.2297,166522.6285,164398.9,163179,42.40625,39.76094,41.9436,5.302528935,7.506158568,8.22249016,8.958610482,348100,350000,351700,352200,354100,356800,358600,359800,361100,363900,366300
Reading,620.4,583.4,589.2,617.9,667.8,654.7,7.1221107,7.0499819,6.8157731,6.6959904,6.0430558,6.1135538,5.5205364,5.8369072,5.5184374,4.9060351,4.5641057,75.6,76.6,75.9,75.6,77.36,78.06,131400,132780,314089.1024,343159.3764,373852.3,389413.8,42.4777,42.50056,42.11263,11.54647329,18.60112617,9.120901825,11.06562715,298900,301800,304700,306500,308900,310300,313800,317100,319900,322100,324600
Sheffield,443.3,443,445.4,453.2,464.7,474.2,8.2265363,7.6260574,7.3412924,7.1844901,6.1774036,6.4981964,6.0295354,6.1908221,6.1062608,5.4173698,4.9510096,64.8,67.3,69.2,70.1,68.58,69.44,355010,357180,156992.399,156837.3635,161754,168347.1,38.81488,37.58811,35.97379,5.131070894,9.589025875,6.986211586,7.600733875,781300,784100,789300,794700,801500,809500,815700,818800,823800,830500,837300
Slough,634.5,648.6,601.8,633.2,588.7,606.4,6.8653298,6.6047022,6.5468194,6.325829,6.5235694,7.1389473,6.682728,7.2520457,6.716515,5.2007537,5.2441786,67.7,70.1,70.9,74.6,74.27,74.12,53080,53870,238923.1788,269211.1081,296003.1,328067.3,51.30956,52.45697,53.79493,23.97540984,38.9800649,7.303582437,7.395245171,125200,128000,131500,134700,137800,140700,141800,143000,144600,145700,147200
Southampton,460.6,469.3,499,495.4,555.8,579.2,6.4144817,6.2652544,6.0142211,5.912555,5.3481772,5.4157719,4.8971401,5.1196377,4.7966961,4.1529673,3.9796056,69.8,72.6,74.2,76.8,76.12,76.47,158260,159760,207511.8452,222118.0855,242221,247131.2,40.80963,41.41321,41.14436,7.49214666,14.05265673,7.361074367,7.828968023,346100,347800,349800,352400,357300,361700,366200,369900,374200,378600,383900
Southend,386.9,405.7,403.1,404.9,403.6,413,5.4121951,5.3352271,5.1596295,5.0130977,4.5679143,4.7182397,4.1938707,4.4602878,4.2895274,3.7034011,3.5665275,73,73.2,73.3,74.1,77.66,75.91,152850,153350,242232.7764,261461.6379,285032.9,317580,44.20986,44.0376,41.7536,4.434657266,6.749846357,8.204357222,9.247815766,332800,335500,339200,341200,343700,345600,346900,348300,351600,353000,355200
Stoke,408.3,442.4,484.8,429.7,441.4,455.4,7.8594271,7.7751795,7.6680655,7.3844139,6.766407,6.752034,6.1495432,6.2598424,6.1837808,5.893659,5.9113864,67,70,67.5,70.9,72.34,73.68,169100,169680,120074.4332,122883.9659,126648.3,131792.7,42.06866,42.10998,43.55433,3.46882333,7.224327463,7.193206055,7.200483457,366300,367200,368700,368900,370700,372600,374100,375500,377100,378700,381700
Sunderland,439.6,448.5,449.7,451.7,475.2,483.9,7.2046998,7.1380591,6.7676788,6.6400186,5.9757779,6.2342931,5.6833576,6.1035544,5.9591085,5.3283927,4.7954671,63.2,65.3,66.1,63.7,66.97,69.26,125220,126110,130467.3224,126461.7682,124069.1,126829.4,38.20435,36.95998,36.09246,2.393407713,4.103358911,6.170091574,6.340989705,278400,277800,276800,276200,276000,275300,275700,276100,276900,277200,278000
Swansea,421.4,429.5,438.8,440.5,452.2,464.1,25.645272,26.3549508,27.1149661,25.8902071,20.4280103,26.6548293,23.5460122,19.4468801,26.7349409,26.7505085,24.587669,62.9,65.5,66.5,67.6,68.69,69.19,175407,176157,142869.2352,139607.7286,145079.3,145989.1,35.4676,36.0295,37.25668,2.896018917,5.498172027,7.205929186,7.608809876,369100,371400,373600,375100,376900,378600,379700,380200,381800,383400,386100
Swindon,495.6,516.2,504.6,536.3,564.6,560.2,8.5109609,8.4352383,8.1279248,8.0245506,6.9390896,7.0918112,6.3209324,6.7012395,6.3964015,5.6544001,5.3450172,73.3,73.4,77.8,76.3,78.97,80.59,93900,95340,180927.7685,195877.2118,206480.2,223356.2,50.12204,49.68889,48.00078,7.593875137,12.88081623,7.084778953,8.081352341,192300,196900,201500,204400,206900,209700,211900,214000,215800,217200,217900
Telford,442.7,463.5,453.1,477.2,486.1,497,8.9643608,9.0633565,8.3835256,7.9978988,7.0377528,7.3145808,6.8012815,6.8992151,6.768303,6.3212964,5.4094316,70.1,68.4,73.1,70.9,75.42,74.91,71960,73210,161405.7875,158106.5471,161685.9,168904.6,38.92686,39.47001,43.51814,5.078633234,7.283321632,7.756951541,8.078140152,162700,163400,164100,164900,165600,166800,167700,168500,169400,171200,173000
Wakefield,435.7,466.4,447.8,460.1,462.9,483,8.8351092,8.5004726,8.2461539,8.0907233,7.3041551,7.5200009,6.9541142,7.3732013,7.1370076,6.464095,6.4982888,68.8,70.1,70.8,71.7,71.34,73.04,149690,151610,144508.4263,142312.4284,146111,148828.5,47.17925,47.56594,46.01949,2.519584606,5.39134598,6.914989965,7.490713175,320300,321700,323300,324500,325600,326400,327600,329700,331400,333800,336800
Warrington,463.4,487.4,488.1,485.9,512.1,510.2,9.7692094,9.7431839,9.5937114,9.1804664,8.3469652,8.71256,7.6363977,7.9998778,7.8022306,6.7418222,6.5425399,75,77.3,79.6,76.9,78.53,77.33,90570,91170,186339.1481,195776.168,196257.7,203321,50.66744,50.49899,51.50789,3.317912541,5.691101133,8.260307584,9.256762116,194600,196600,198200,200100,201300,202700,203700,205100,206400,207700,208800
Wigan,411.5,430.5,399.7,416.8,421.2,436.4,6.579588,6.5465085,6.3227146,6.2002606,5.567598,5.8083579,5.1608028,5.4432629,5.2210832,4.7457204,4.4797872,70.9,70.1,72.2,75.9,76.55,75.74,143220,143860,128501.2555,131650.9498,131238.7,135973.5,43.83684,44.35643,45.36062,2.00457183,3.521483472,7.160291721,7.247111562,308000,309400,312000,314400,316300,318100,318700,319700,321000,322000,323100
Worthing,438.6,468.2,449.5,464,433.5,455.3,5.7140611,5.6891921,5.5132044,5.3430815,4.8078037,4.9376907,4.442637,4.5286412,4.3561975,3.853703,3.6414415,78.2,73.4,70.2,73.3,80.37,83.07,49220,49700,243133.5288,262046.5846,279452.5,295129.4,34.10766,37.12913,35.94253,6.209448448,9.418960245,8.692405178,10.41473198,100600,101500,102400,102800,103800,105000,105700,106100,106900,107700,108600
York,454,458.1,447.1,458.9,469.3,500.7,7.0015422,6.9372396,6.3297232,6.1753548,5.6208744,5.8914715,5.2494854,5.4209419,5.2661894,4.7060452,4.3977294,75.7,73.3,74,74.5,76.68,77.33,87210,87900,223937.6414,240950.9983,248391.4,264583.3,44.02492,44.9123,42.61361,5.120714791,9.203689959,7.870290826,9.417449175,189000,189800,190800,192400,195100,197800,200000,202400,204400,206900,208400
