country,continent,1952,1957,1962,1967,1972,1977,1982,1987,1992,1997,2002,2007
Afghanistan,Asia,28.801_8425333_6567086330,30.332_9240934_7585448670,31.997_10267083_8758855797,34.02_11537966_9648014150,36.088_13079460_9678553274,38.438_14880372_11697659231,39.854_12881816_12598563401,40.822_13867957_11820990309,41.674_16317921_10595901589,41.763_22227415_14121995875,42.129_25268405_18363410424,43.828_31889923_31079291949
Albania,Europe,55.23_1282697_2053669902,59.28_1476505_2867792398,64.82_1728137_3996988985,66.22_1984060_5476396323,67.69_2263554_7500110047,68.93_2509048_8864476394,70.42_2780097_10094200603,72_3075321_11498418358,71.581_3326498_8307722183,72.95_3428038_10945912519,75.651_3508512_16153932130,76.423_3600523_21376411360
Algeria,Africa,43.077_9279525_22725632678,45.685_10270856_30956113720,48.303_11000948_28061403854,51.407_12760499_41433235247,54.518_14760787_61739408943,58.014_17152804_84227416174,61.368_20033753_1.15097e+11,65.799_23254956_1.3212e+11,67.744_26298373_1.32102e+11,69.152_29072015_1.39467e+11,70.994_31287142_1.65448e+11,72.301_33333216_2.07445e+11
Angola,Africa,30.015_4232095_14899557133,31.999_4561361_17460618347,34_4826015_20603593596,35.985_5247469_28980597822,37.928_5894858_32264255583,39.483_6162675_18541315838,39.942_7016384_19343845633,39.906_7874230_19136019189,40.647_8735988_22956828370,40.963_9875024_22486820881,41.003_10866106_30134833901,42.731_12420476_59583895818
Argentina,Americas,62.485_17876956_1.05676e+11,64.399_19610538_1.34467e+11,65.142_21283783_1.51821e+11,65.634_22934225_1.84688e+11,67.065_24779799_2.33997e+11,68.481_26983828_2.71971e+11,69.942_29341374_2.64011e+11,70.774_31620918_2.89005e+11,71.868_33958947_3.16104e+11,73.275_36203463_3.97054e+11,74.34_38331121_3.37223e+11,75.32_40301927_5.15034e+11
Australia,Oceania,69.12_8691212_87256254102,70.33_9712569_1.06349e+11,70.93_10794968_1.31885e+11,71.1_11872264_1.72458e+11,71.93_13177000_2.21224e+11,73.49_14074100_2.58037e+11,74.74_15184200_2.95743e+11,76.32_16257249_3.55853e+11,77.56_17481977_4.09511e+11,78.83_18565243_5.01223e+11,80.37_19546792_5.99847e+11,81.235_20434176_7.03658e+11
Austria,Europe,66.8_6927772_42516266683,67.48_6965860_61596299913,69.54_7129864_76651179416,70.14_7376998_94680836236,70.63_7544201_1.25699e+11,72.17_7568430_1.49472e+11,73.18_7574613_1.6359e+11,74.94_7578903_1.79528e+11,76.04_7914969_2.14037e+11,77.51_8069876_2.348e+11,78.98_8148312_2.64149e+11,79.829_8199783_2.96229e+11
Bahrain,Asia,50.939_120447_1188460759,53.832_138655_1613361773,56.923_171863_2191816125,59.923_202182_2993238336,63.3_230800_4216406356,65.593_297410_5751939724,69.052_377967_7261179715,70.75_454612_8421243626,72.601_529491_10079167850,73.925_598561_12146009862,74.795_656397_15362026094,75.635_708573_21112675360
Bangladesh,Asia,37.484_46886859_32082059995,39.348_51365468_33985317661,41.216_56839289_39011165929,43.453_62821884_45306268650,45.252_70759295_44594887096,46.923_80428306_53072807954,50.009_93074406_63009685013,52.819_103764241_78028572052,56.018_113704579_95262852014,59.412_123315288_1.19957e+11,62.013_135656790_1.54159e+11,64.062_150448339_2.09312e+11
Belgium,Europe,68_8730405_72838686716,69.24_8989111_87328859401,70.25_9218400_1.01321e+11,70.94_9556500_1.25659e+11,71.44_9709100_1.61872e+11,72.8_9821800_1.87773e+11,73.93_9856303_2.06784e+11,75.35_9870200_2.22332e+11,76.46_10045622_2.56923e+11,77.53_10199787_2.81118e+11,78.32_10311970_3.1437e+11,79.441_10392226_3.50141e+11
Benin,Africa,38.223_1738315_1847398091,40.358_1925173_1847398091,42.618_2151895_2043222289,44.885_2427334_2514308802,47.014_2761407_2998327102,49.19_3168267_3260657629,50.904_3641603_4653595792,52.337_4243788_5202273025,53.919_4981671_5934204759,54.777_6066080_7479326759,54.406_7026113_9645995478,56.728_8078314_11643151768
Bolivia,Americas,40.414_2883315_7719575216,41.89_3211738_6833571025,43.428_3593918_7838236491,45.032_4040665_10452739933,46.714_4565872_13607811411,50.023_5079716_18023329327,53.859_5642224_17809739029,57.251_6156369_16952740925,59.957_6893451_20416331717,62.05_7693188_25588644883,63.883_8445134_28825460794,65.554_9119152_34854649034
Bosnia and Herzegovina,Europe,53.82_2791000_2717131147,58.45_3076000_4164870705,61.93_3349000_5725730641,64.79_3585000_7787883436,67.45_3819000_10922988275,69.86_4086000_14417374612,70.69_4172693_17219089834,71.14_4338977_18718844706,72.178_4256013_10839134938,73.244_3607000_17192245746,74.09_4165416_25071535764,74.852_4552198_33897026518
Botswana,Africa,47.622_442308_376510766.5,49.618_474639_435828972.1,51.52_512764_504382347.6,53.298_553541_672391397.3,56.024_619351_1401969807,59.319_781472_2512321369,61.484_970347_4416187132,63.622_1151184_7144114194,62.745_1342614_10679301652,52.556_1536536_13286645461,46.634_1630347_17939694531,50.728_1639131_20603633702
Brazil,Americas,50.917_56602560_1.19372e+11,53.285_65551171_1.6305e+11,55.665_76039390_2.53712e+11,57.632_88049823_3.01999e+11,59.504_100840058_5.02759e+11,61.489_114313951_7.61344e+11,63.336_128962939_9.06717e+11,65.205_142938076_1.11593e+12,67.057_155975974_1.08408e+12,69.388_168546719_1.34129e+12,71.006_179914212_1.46292e+12,72.39_190010647_1.7226e+12
Bulgaria,Europe,59.6_7274900_17781940936,66.61_7651254_23020103935,69.51_8012946_34089779370,70.42_8310226_46346153671,70.9_8576200_56581431456,70.81_8797022_66965046602,71.08_8892098_73130318096,71.34_8971958_73927631407,71.19_8658506_54571302854,70.32_8066057_48157496050,72.14_7661799_58971163877,73.005_7322858_78213929148
Burkina Faso,Africa,31.975_4469979_2428339520,34.906_4713416_2909042418,37.814_4919632_3554493257,40.697_5127935_4075818934,43.591_5433886_4644537855,46.137_5889574_4378232964,48.122_6634596_5355436507,49.557_7586551_6919413540,50.26_8878303_8272383441,50.324_10352843_9796843171,50.65_12251209_12712408470,52.295_14326203_17435461730
Burundi,Africa,39.031_2445618_829789526.7,40.533_2667518_1012495478,42.045_2961915_1052081767,43.548_3330989_1375623555,44.057_3529983_1638263359,45.91_3834415_2132330701,47.471_4580410_2563212235,48.211_5126023_3187457568,44.736_5809236_3669693671,45.326_6121610_2835010320,47.36_7021078_3134233881,49.58_8390505_3608510288
Cambodia,Asia,39.417_4693836_1729534398,41.366_5322536_2310184671,43.415_6083619_3023033308,45.415_6960067_3643123977,40.317_7450606_3141354496,31.22_6978607_3663574552,50.957_7272485_4541488550,53.914_8371791_5725430805,55.803_10150094_6925441368,56.534_11782962_8652054255,56.752_12926707_11585251106,59.723_14131858_24218877034
Cameroon,Africa,38.523_5009067_5873970853,40.428_5359923_7037836706,42.643_5793633_8108811857,44.799_6335506_9556813970,47.049_7021028_11824439929,49.355_7959865_14195884906,52.961_9250831_21905813153,54.985_10780667_28058456118,54.314_12467171_22355673218,52.199_14195809_24052491091,49.856_15929988_30808779174,50.43_17696293_36137515701
Canada,Americas,68.75_14785584_1.6807e+11,69.96_17010154_2.12456e+11,71.3_18985849_2.55597e+11,72.13_20819767_3.34711e+11,72.88_22284500_4.2275e+11,74.21_23796400_5.25683e+11,75.76_25201900_5.77093e+11,76.86_26549700_7.06926e+11,77.95_28523502_7.51391e+11,78.61_30305843_8.77503e+11,79.77_31902268_1.06327e+12,80.653_33390141_1.2127e+12
Central African Republic,Africa,35.463_1291695_1383806691,37.464_1392284_1657993504,39.475_1523478_1817613998,41.478_1733638_1969510918,43.457_1927260_2062193784,46.775_2167533_2404605487,48.295_2476971_2369849412,50.485_2840009_2399456439,49.396_3265124_2442004280,46.066_3696513_2737291282,43.308_4048013_2990229179,44.741_4369038_3084613079
Chad,Africa,38.092_2682462_3161726560,39.881_2894855_3787904964,41.716_3150417_4378505051,43.601_3495967_4184010240,45.569_3899068_4304976524,47.383_4388260_4976220797,49.517_4875118_3889896144,51.051_5498955_5237128466,51.724_6429417_6802736598,51.573_7562011_7599528806,50.525_8835739_10215721151,50.651_10238807_17447579586
Chile,Americas,54.745_6377619_25127683584,56.074_7048426_30418347407,57.924_7961258_35977675895,60.523_8858908_45239380747,63.441_9717524_53388314323,67.052_10599793_50420712011,70.565_11487112_58534483047,72.492_12463354_69135019227,74.126_13572994_1.03102e+11,75.816_14599929_1.47723e+11,77.86_15497046_1.67039e+11,78.553_16284741_2.14497e+11
China,Asia,44_556263527_2.22755e+11,50.54896_637408000_3.67139e+11,44.50136_665770000_3.24679e+11,58.38112_754550000_4.62317e+11,63.11888_862030000_5.83508e+11,63.96736_943455000_6.99324e+11,65.525_1000281000_9.62692e+11,67.274_1084035000_1.49478e+12,68.69_1164970000_1.92894e+12,70.426_1230075000_2.81593e+12,72.028_1280400000_3.99393e+12,72.961_1318683096_6.5395e+12
Colombia,Americas,50.643_12350771_26481474548,55.118_14485993_33662631380,57.863_17009885_42394605744,59.963_19764027_52942488864,61.623_22542890_73594872192,63.837_25094412_95755454803,66.653_27764644_1.22097e+11,67.768_30964245_1.51824e+11,68.421_34202721_1.86222e+11,70.313_37657830_2.30367e+11,71.682_41008227_2.36013e+11,72.889_44227550_3.09884e+11
Comoros,Africa,40.715_153936_169790012.7,42.46_170928_207019199,44.467_191689_269639001.8,46.472_217378_407807571.7,48.944_250027_484446733.3,50.939_304739_357337879.9,52.933_348643_441765574.2,54.926_395114_519962442.6,57.939_454429_566630869.2,60.66_527982_619649303,62.974_614382_660959256.6,65.152_710960_701111696.2
"Congo, Dem. Rep.",Africa,39.143_14100005_11005650695,40.652_15577932_14111429069,42.122_17486434_15673346682,44.056_19941073_17181093743,45.989_23007669_20819549223,47.804_26480870_21072345136,47.784_30646495_20648009139,47.412_35481645_23871157044,45.548_41672143_19074139152,42.587_47798986_14922290060,44.966_55379852_13355730548,46.462_64606759_17931726045
"Congo, Rep.",Africa,42.111_854885_1817161866,45.053_940458_2177213474,48.435_1047924_2582905425,52.04_1179760_3159326072,54.907_1340458_4307096219,55.625_1536769_5008605219,56.695_1774735_8659832782,57.47_2064095_8671665463,56.433_2409073_9675414211,52.962_2800947_9758959756,52.97_3328795_11597728065,55.322_3800610_13805935493
Costa Rica,Americas,57.206_926317_2433443532,60.026_1112300_3325789015,62.842_1345187_4655607494,65.424_1588717_6611807759,67.849_1834796_9390755531,70.75_2108457_12496565229,73.45_2424367_12758800460,74.752_2799811_15762698836,75.713_3173216_19548331624,77.26_3518107_23490559859,78.123_3834934_29618910245,78.782_4133884_39871565083
Cote d'Ivoire,Africa,40.477_2977019_4133872900,42.469_3300000_4952956553,44.93_3832408_6625733027,47.35_4744870_9736712728,49.801_6071696_14439714173,52.374_7459574_18781242085,53.983_9025951_23491934453,54.655_10761098_23211215640,52.044_12772596_21050180711,47.991_14625967_26125858896,46.832_16252726_26797508005,48.328_18013409_27826215570
Croatia,Europe,61.21_3882229_12109590476,64.77_3991242_17314932235,67.13_4076557_22330930898,68.5_4174366_29054830741,69.61_4225310_38721121655,70.64_4318673_48824261688,70.46_4413368_58352765410,71.52_4484310_61984751388,72.527_4494013_37964499981,73.68_4444595_43893062449,74.876_4481020_52107043453,75.748_4493312_65688728878
Cuba,Americas,59.421_6007797_33562790923,62.325_6640752_40456619059,65.246_7254373_37583135793,68.29_8139332_46314980543,70.723_8831348_46854233351,72.649_9537988_60857084420,73.717_9789224_71626950339,74.174_10239839_77135936772,74.414_10723260_59973519955,76.151_10983007_59659588752,77.158_11226999_71186433969,78.273_11416987_1.0216e+11
Czech Republic,Europe,66.87_9125183_62746038115,69.03_9513758_78548858001,69.9_9620282_97519520387,70.38_9835109_1.12115e+11,70.29_9862158_1.29278e+11,70.71_10161915_1.50398e+11,70.96_10303704_1.58442e+11,71.58_10311597_1.68187e+11,72.4_10315702_1.47484e+11,74.01_10300707_1.65311e+11,75.51_10256295_1.80472e+11,76.486_10228744_2.33556e+11
Denmark,Europe,70.78_4334000_42006797652,71.81_4487831_49813395320,72.35_4646899_63120285966,72.96_4838800_77116977700,73.47_4991596_94172484445,74.69_5088419_1.0392e+11,74.63_5117810_1.10995e+11,74.8_5127024_1.28771e+11,75.33_5171393_1.3656e+11,76.11_5283663_1.57476e+11,77.18_5374693_1.72885e+11,78.332_5468120_1.92907e+11
Djibouti,Africa,34.812_63149_168578116.8,37.328_71851_205850893.1,39.693_89898_271580892.8,42.074_127617_385409786.3,44.366_178848_660702490.7,46.519_228694_704780255.2,48.812_305991_881091313.3,50.04_311025_895783901.2,51.604_384156_913198814.1,53.157_417908_791942757.7,53.373_447416_853786444.1,54.791_496374_1033689705
Dominican Republic,Americas,45.928_2491346_3482196998,49.828_2923186_4514577213,53.459_3453434_5740081668,56.751_4049146_6696165883,59.631_4671329_10229624254,61.788_5302800_14222050739,63.727_5968349_17075997881,66.046_6655297_19299310928,68.457_7351181_22378569690,69.957_7992357_28885187704,70.847_8650322_39478410078,72.235_9319622_56154215097
Ecuador,Americas,48.357_3548753_12499100973,51.356_4058385_15342913820,54.64_4681707_19129988882,56.678_5432424_24875472663,58.796_6298651_33263142611,61.31_7278866_48620082640,64.342_8365850_60349495671,67.231_9545158_61869585519,69.613_10748394_76353394350,72.312_11911819_88498333675,74.173_12921234_74594859032,74.994_13755680_94546397113
Egypt,Africa,41.893_22223309_31530929611,44.444_25009741_36487093094,46.992_28173309_47706874227,49.293_31681188_57497577541,51.137_34807417_70450495584,53.319_38783863_1.08032e+11,56.006_45681811_1.60057e+11,59.797_52799062_2.05149e+11,63.674_59402198_2.25417e+11,67.217_66134291_2.7599e+11,69.806_73312559_3.48572e+11,71.338_80264543_4.47971e+11
El Salvador,Americas,45.262_2042865_6227271304,48.57_2355805_8060441505,52.307_2747687_10377474227,55.855_3232927_14091020728,58.207_3790903_17135814152,56.696_4282586_22007877014,56.604_4474873_18339569693,63.154_4842194_20048823879,66.798_5274649_23441762292,69.535_5783439_29812618812,70.734_6353681_34002160153,71.878_6939688_39752986141
Equatorial Guinea,Africa,34.482_216964_81501034.56,35.983_232922_99247227.57,37.485_249220_145255876.1,38.987_259864_237930439.6,40.516_277603_186663659.8,42.024_192675_184691860.6,43.662_285483_264878362.3,45.664_341244_329947736.7,47.545_387838_439053960.3,48.245_439971_1238289912,49.348_495627_3818060562,51.579_551201_6699346424
Eritrea,Africa,35.928_1438760_473266515.9,38.047_1542611_530907911,40.158_1666618_634974530.4,42.189_1820319_853356390.8,44.142_2260187_1162468889,44.535_2512642_1270778259,43.89_2637297_1384253503,46.453_2915959_1519605766,49.991_3668440_2138181473,53.378_4058319_3707155863,55.24_4414865_3378916934,58.04_4906585_3146934084
Ethiopia,Africa,34.078_20860941_7554712172,36.667_22815614_8644931131,40.059_25145372_10547387621,42.115_27860297_14379218704,43.515_30770372_17423536806,44.51_34617799_19275480698,44.916_38111756_22023287795,46.684_42999530_24670606852,48.091_52088559_21947694837,49.402_59861301_30881810734,50.725_67946797_36015439731,52.947_76511887_52854838162
Finland,Europe,66.55_4090500_26279495260,67.49_4324000_32626376129,68.75_4491443_42093096668,69.83_4605744_50302260675,70.87_4639657_66620259082,72.52_4738902_73952569460,74.55_4826933_89458310062,74.83_4931729_1.04262e+11,75.7_5041039_1.04083e+11,77.13_5134406_1.21808e+11,78.37_5193039_1.46468e+11,79.313_5238460_1.73954e+11
France,Europe,67.41_42459667_2.98483e+11,68.93_44310863_3.83858e+11,70.51_47124000_4.97652e+11,71.55_49569000_6.44393e+11,72.38_51732000_8.33257e+11,73.83_53165019_9.72528e+11,74.89_54433565_1.10467e+12,76.34_55630100_1.22756e+12,77.46_57374179_1.41736e+12,78.64_58623428_1.51775e+12,79.59_59925035_1.73339e+12,80.657_61083916_1.86123e+12
Gabon,Africa,37.003_420702_1806274140,38.999_434904_2164168458,40.489_455661_3021697341,44.598_489004_4087468047,48.69_537977_6133986000,52.79_706367_15360355361,56.564_753874_11393570619,60.19_880397_10445389597,61.366_985739_13329318032,60.461_1126189_16580702574,56.761_1299304_16269512983,56.735_1454867_19213678514
Gambia,Africa,30_284320_137960781,32.065_323150_168337466.7,33.896_374020_224281196.2,35.857_439593_323005424.8,38.308_517101_390973259.1,41.842_608274_538173615.4,45.58_715523_598041000.1,49.265_848406_518935047.7,52.644_1025384_682520622.7,55.861_1235767_807858171.5,58.041_1457766_962979227.3,59.448_1688359_1270911775
Germany,Europe,67.5_69145952_4.93987e+11,69.1_71019069_7.2353e+11,70.3_73739117_9.51416e+11,70.8_76368453_1.1261e+12,71_78717088_1.41818e+12,72.5_78160773_1.60331e+12,73.8_78335266_1.72585e+12,74.847_77718298_1.91492e+12,76.07_80597764_2.13627e+12,77.34_82011073_2.279e+12,78.67_82350671_2.47347e+12,79.406_82400996_2.65087e+12
Ghana,Africa,43.149_5581001_5085960279,44.779_6391288_6669702329,46.452_7355248_8753047553,48.072_8490213_9557408662,49.875_9354120_11021245951,51.756_10538093_10466686430,53.744_11400338_9987067386,55.729_14168101_12000468164,57.501_16278738_15058811881,58.556_18418288_18514906876,58.453_20550751_22852118178,60.022_22873338_30366847330
Greece,Europe,65.86_7733250_27303708961,67.86_8096218_39803435655,69.51_8448233_50834629318,71_8716441_74203907867,72.34_8888628_1.13106e+11,73.68_9308479_1.32139e+11,75.24_9786480_1.49424e+11,76.67_9974490_1.60794e+11,77.03_10325429_1.81123e+11,77.869_10502372_1.96895e+11,78.256_10603863_2.38738e+11,79.483_10706290_2.94834e+11
Guatemala,Americas,42.023_3146381_7640161180,44.142_3640876_9528740349,46.954_4208858_11575893401,50.016_4690773_15209977556,53.738_5149581_20760063436,56.029_5703430_27832697039,58.137_6395630_30830101094,60.782_7326406_31111480319,63.373_8486949_37677392867,66.322_9803875_45924427025,68.978_11178650_54309766225,70.259_12572928_65203833292
Guinea,Africa,33.609_2664249_1359290494,34.558_2876726_1657762332,35.753_3140003_2155215395,37.197_3451418_2446225437,38.842_3811387_2826777030,40.762_4227026_3697319890,42.891_4710497_4038075238,45.552_5650262_4551695526,48.576_6990574_5552951540,51.455_8048834_6998056844,53.676_8807818_8328528109,56.007_9947814_9377348758
Guinea-Bissau,Africa,32.5_580653_174108987.3,33.489_601095_259547084.5,34.488_627820_327743619.7,35.492_601287_430269336.4,36.486_625361_512936468.3,37.465_745228_569895199.8,39.327_825987_692279501.2,41.245_927524_683042950.1,43.266_1050938_783516180.5,44.873_1193708_950984748.9,45.504_1332459_767102932.3,46.388_1472041_852652874.2
Haiti,Americas,37.579_3201488_5891912671,40.696_3507701_6057406351,43.59_3880130_6970999001,46.243_4318137_6270183934,48.042_4698301_7773136724,49.923_4908554_9200097515,51.461_5198399_10454809788,53.636_5756203_10493650139,55.089_6326682_9213607208,56.671_6913545_9276089515,58.137_7607651_9664493045,60.916_8502814_10217297216
Honduras,Americas,41.912_1517453_3330697353,44.665_1770390_3931129187,48.041_2090162_4788888953,50.924_2500689_6347422263,53.884_2965146_7501351910,57.402_3055235_9786553396,60.909_3669448_11455138902,64.492_4372203_13217592457,66.399_5077347_15646832847,67.659_5867957_18545413489,68.565_6677328_20697904974,70.198_7483763_26554867097
"Hong Kong, China",Asia,60.96_2125900_6493394048,64.75_2736300_9930241909,67.65_3305200_15510141069,70_3722800_23073775964,72_4115700_34225865466,73.6_4583700_51273915648,75.45_5264500_76653912870,76.2_5584510_1.11905e+11,77.601_5829696_1.44329e+11,80_6495918_1.84339e+11,81.495_6762476_2.04288e+11,82.208_6980412_2.77297e+11
Hungary,Europe,64.03_9504000_50025955947,66.41_9839000_59429331128,67.96_10063000_75979271442,69.5_10223422_95350224305,69.76_10394091_1.05694e+11,69.95_10637171_1.24187e+11,69.39_10705535_1.34312e+11,69.58_10612740_1.37822e+11,69.17_10348684_1.0903e+11,71.04_10244684_1.19994e+11,72.59_10083313_1.49676e+11,73.338_9956108_1.79299e+11
Iceland,Europe,72.49_147962_1075341715,73.47_165110_1526277073,73.68_182053_1884277507,73.73_198676_2646343594,74.46_209275_3306139764,76.11_221823_4359922740,76.99_233997_5445018346,77.23_244676_6587462420,78.77_259012_6512699263,78.95_271192_7609945739,80.5_288030_8975937061,81.757_301931_10924101861
India,Asia,37.373_372000000_2.03322e+11,40.249_409000000_2.41335e+11,43.605_454000000_2.9889e+11,47.193_506000000_3.5459e+11,50.651_567000000_4.10526e+11,54.208_634000000_5.15656e+11,56.596_708000000_6.05852e+11,58.553_788000000_7.69492e+11,60.223_872000000_1.01536e+12,61.765_959000000_1.39901e+12,62.879_1034172547_1.80646e+12,64.698_1110396331_2.72293e+12
Indonesia,Asia,37.468_82052000_61512879123,39.918_90124000_77407527997,42.518_99028000_84103467353,45.964_109343000_83366577257,49.203_121282000_1.34757e+11,52.702_136725000_1.8905e+11,56.159_153343000_2.32602e+11,60.137_169276000_2.95955e+11,62.681_184816000_4.40443e+11,66.041_199278000_6.21615e+11,68.588_211060000_6.06568e+11,70.65_223547000_7.91502e+11
Iran,Asia,44.869_17272000_52426150707,47.181_19792000_65120779270,49.325_22874000_95780981891,52.469_26538000_1.56753e+11,55.234_30614000_2.94317e+11,57.702_35480679_4.21815e+11,59.62_43072751_3.27712e+11,63.04_51889696_3.44697e+11,65.742_60397973_4.37019e+11,68.042_63327987_5.23317e+11,69.451_66907826_6.18279e+11,70.964_69453570_8.06058e+11
Iraq,Asia,45.32_5441766_22473220511,48.437_6248643_38924881557,51.457_7240260_60396350632,54.459_8519282_76089624802,56.95_10061506_96349359728,60.413_11882916_1.74539e+11,62.038_14173318_2.05767e+11,65.044_16543189_1.92622e+11,59.461_17861905_66904278115,58.811_20775703_63911044338,57.046_24001816_1.05385e+11,59.545_27499638_1.22953e+11
Ireland,Europe,66.91_2952156_15381560332,68.9_2878220_16115377913,70.29_2830000_18767420399,71.08_2900100_22201915550,71.28_3024400_28824869547,72.03_3271900_36484895159,73.1_3480000_43911758507,74.36_3539900_49108560194,75.467_3557761_62470069170,76.122_3667233_89927693739,77.783_3879155_1.3219e+11,78.885_4109086_1.67141e+11
Israel,Asia,65.39_1620914_6623900929,67.84_1944401_10471140805,69.39_2310904_16420430421,70.75_2693585_22609255940,71.63_3095893_39586973982,73.06_3495918_46518849615,74.45_3858421_59292468173,75.6_4203148_71968316979,76.93_4936550_89112243595,78.269_5531387_1.15587e+11,79.696_6029529_1.3208e+11,80.745_6426679_1.6403e+11
Italy,Europe,65.94_47666000_2.3506e+11,67.81_49182000_3.07321e+11,69.24_50843200_4.1913e+11,71.06_52667100_5.27851e+11,72.19_54365564_6.67026e+11,73.48_56059245_7.9918e+11,74.98_56535636_9.34957e+11,76.42_56729703_1.08962e+12,77.44_56840847_1.25127e+12,78.82_57479469_1.41831e+12,80.24_57926999_1.62011e+12,80.546_58147733_1.66126e+12
Jamaica,Americas,58.53_1426095_4133580397,62.61_1535090_7301695161,65.61_1665128_8735440529,67.51_1861096_11398661094,69_1997616_14850056194,70.11_2156814_14343234915,71.21_2298309_13946257030,71.77_2326606_14776827263,71.766_2378618_17613484766,72.262_2531311_18027806344,72.047_2664659_18638689786,72.567_2780132_20353013485
Japan,Asia,63.03_86459025_2.78135e+11,65.5_91563009_3.95341e+11,68.73_95831757_6.30252e+11,71.43_100825279_9.92906e+11,73.42_107188273_1.58411e+12,75.38_113872473_1.89146e+12,77.11_118454974_2.29614e+12,78.67_122091325_2.73191e+12,79.36_124329269_3.33512e+12,80.69_125956499_3.62964e+12,82_127065841_3.63467e+12,82.603_127467972_4.03513e+12
Jordan,Asia,43.158_607914_940386912.6,45.669_746559_1408070440,48.126_933559_2192005082,51.629_1255058_3441113320,56.528_1613551_3405974308,61.134_1937652_5526864720,63.739_2347031_9766972260,65.869_2820042_12545464196,68.015_3867409_13271376155,69.772_4526235_16499844607,71.263_5307470_20406782660,72.535_6053193_27357170724
Kenya,Africa,42.27_6464046_5517327763,44.686_7454779_7040578919,47.949_8678557_7784373797,50.654_10191512_10769742282,53.559_12044785_14723063007,56.155_14500404_18380903574,58.766_17661452_23811625093,59.339_21198082_28870449152,59.285_25020539_33575604755,54.407_28263827_38452513270,50.992_31386842_40411021466,54.11_35610177_52106565927
"Korea, Dem. Rep.",Asia,50.056_8865488_9648113404,54.081_9411381_14786546841,56.656_10917494_17704830126,59.942_12617009_27045071156,63.983_14781241_54714559527,67.159_16325320_67036681906,69.1_17647518_72469979026,70.647_19067554_78300763967,69.978_20711375_77171898567,67.727_21585105_36495163360,66.662_22215365_36583333391,67.297_23301725_37121173722
"Korea, Rep.",Asia,47.453_20947571_21588403826,52.681_22611552_33636798617,55.292_26420307_40590690362,57.716_30131000_61142673147,62.612_33505000_1.0155e+11,64.766_36436000_1.69691e+11,67.123_39326000_2.21128e+11,69.81_41622000_3.55164e+11,72.244_43805450_5.30233e+11,74.647_46173816_7.38482e+11,77.045_47969150_9.22638e+11,78.623_49044790_1.1451e+12
Kuwait,Asia,55.565_160000_17341176464,58.033_212846_24162944745,60.47_358266_34199395868,64.624_575003_46514800559,67.712_841934_92063687055,69.343_1140357_67583801715,71.309_1497494_46952480381,74.174_1891487_53185644768,75.19_1418095_49538198606,76.156_1765345_71144497943,76.904_2111561_74137129818,77.588_2505559_1.1853e+11
Lebanon,Asia,55.928_1439529_6959840664,59.489_1647412_10032388073,62.094_1886848_10782507260,63.87_2186894_13136635173,65.421_2680018_20063644789,66.099_3115787_26981770826,66.983_3086876_23585336337,67.926_3089353_16611733229,69.292_3219994_22188356725,70.265_3430388_30032922931,71.028_3677780_34254617950,71.993_3921278_41020719259
Lesotho,Africa,42.138_748747_223760204.8,45.047_813338_273279221.6,47.747_893143_367796847,48.492_996380_496833953.2,49.767_1116779_554571894,52.208_1251524_932847869.2,55.078_1411807_1125581636,57.18_1599200_1237769948,59.685_1803195_1762598359,55.558_1982823_2351921524,44.593_2046772_2610012083,42.592_2012649_3158513357
Liberia,Africa,38.48_863308_496896772.1,39.486_975950_606035661.8,40.502_1112796_705729840,41.536_1279406_912988789.3,42.614_1482628_1190558370,43.764_1703617_1090864191,44.852_1956875_1119723032,46.027_2269414_1148581873,40.802_1912974_1217843092,42.221_2200725_1340624343,43.753_2814651_1495937378,45.678_3193942_1323912407
Libya,Africa,42.723_1019729_2434651996,45.289_1201578_4143382667,47.808_1441863_9742712723,50.227_1759224_33025475319,52.773_2183877_45886525492,57.442_2721783_59746434998,62.155_3344074_58067421827,66.234_3799845_44726416799,68.755_4364501_42074394128,71.555_4759670_45061918969,72.737_5368585_51187726429,73.952_6036914_72790086208
Madagascar,Africa,36.681_4762912_6872937814,38.865_5181679_8234738516,40.848_5703324_9372769146,42.881_6334556_10350964014,44.851_7082430_12384074921,46.881_8007166_12364894630,48.969_9171477_11949321646,49.35_10568642_12211452300,52.214_12210395_12707067347,54.978_14165114_13970993799,57.286_16473477_14737783397,59.443_19167654_20025792285
Malawi,Africa,36.256_2917802_1077150609,37.207_3221238_1341226242,38.41_3628608_1552685302,39.487_4147252_2055024665,41.766_4730997_2765844790,43.767_5637246_3738755018,45.642_6502825_4115013157,47.457_7824747_4972762583,49.42_10014249_5640025182,47.495_10419991_7213507713,45.009_11824495_7868292339,48.303_13327079_10119916241
Malaysia,Asia,48.463_6748378_12357176937,52.102_7739235_14008533817,55.737_8906385_18141281512,59.371_10154878_23130196147,63.01_11441462_32597809660,65.256_12845381_49171111018,68_14441916_71059367334,69.5_16331785_85738648221,70.693_18319502_1.33328e+11,71.938_20476091_2.07482e+11,73.044_22662365_2.31314e+11,74.241_24821286_3.09066e+11
Mali,Africa,33.685_3838168_1736145325,35.307_4241884_2080144352,36.936_4690372_2327242245,38.487_5212416_2840818257,39.977_5828158_3388309666,41.714_6491649_4455837164,43.916_6998256_4325020632,46.364_7634008_5222971144,48.388_8416215_6219703868,49.903_9384984_7416558541,51.818_10580176_10066082622,54.467_12031795_12544127565
Mauritania,Africa,40.543_1022556_759877632.2,42.338_1076852_911146295.6,44.248_1146757_1210856171,46.289_1230542_1748778848,48.437_1332786_2114933838,50.852_1456688_2181378951,53.599_1622136_2402627043,56.145_1841240_2617513368,58.333_2119465_2885375609,60.43_2444741_3625883720,62.247_2828858_4466822066,64.164_3270065_5896422597
Mauritius,Africa,50.986_516556_1016559328,58.089_609816_1240388905,60.246_701016_1772916773,61.557_789309_1953845681,62.944_851334_2192597230,64.93_913025_3388220220,66.711_992040_3658680959,68.74_1042663_4987669071,69.745_1096202_6641069982,70.736_1149818_8538209611,71.954_1200206_10828037567,72.801_1250882_13705902966
Mexico,Americas,50.789_30144317_1.04846e+11,55.19_35015548_1.44668e+11,58.299_41121485_1.88403e+11,60.11_47995559_2.76202e+11,62.361_55984294_3.8122e+11,65.032_63759976_4.89353e+11,67.405_71640904_6.88551e+11,69.498_80122492_6.96117e+11,71.455_88111030_8.34622e+11,73.67_95895146_9.36636e+11,74.902_102479927_1.10088e+12,76.195_108700891_1.30197e+12
Mongolia,Asia,42.244_800663_629774979.8,45.248_882134_805090717.5,48.251_1010280_1067213277,51.253_1149500_1409334279,53.754_1320500_1877410278,55.491_1528000_2517397824,57.489_1756032_3513123131,60.222_2015133_4711397688,61.271_2312802_4129281353,63.625_2494803_4745744246,65.033_2674234_5724837883,66.803_2874127_8897642670
Montenegro,Europe,59.164_413834_1095660940,61.448_442829_1630611471,63.728_474528_2206362440,67.178_501035_2960040094,70.636_527678_4104497952,73.066_560073_5374421250,74.101_562548_6313244220,74.865_569473_6681347764,75.435_621621_4353422616,75.445_692651_4478413552,73.981_720230_4722688038,74.543_684736_6336475807
Morocco,Africa,42.873_9939217_16779421622,45.423_11406350_18729253094,47.924_13056604_20451257282,50.335_14770296_25272637722,52.862_16660670_32158341514,55.73_18396941_43612155832,59.65_20198730_54589498863,62.677_22987397_63331358936,65.393_25798239_76054427590,67.66_28529501_85077877940,69.615_31167783_1.0156e+11,71.164_33757175_1.28958e+11
Mozambique,Africa,31.286_6446316_3020266896,33.779_7038035_3487957478,36.161_7788944_4335998836,38.113_8680909_4919203358,40.328_9809596_7111150788,42.495_11127868_5589747687,42.795_12587223_5817958152,42.861_12891952_5026265058,44.284_13160731_5407702568,46.344_16603334_7842519682,44.026_18473780_11705318550,42.082_19951656_16433892152
Myanmar,Asia,36.319_20092996_6650781676,41.905_21731844_7606145400,45.108_23634436_9170161168,49.379_25870271_9028724579,53.07_28466390_10162501230,56.059_31528087_11696920277,58.056_34680442_14704507408,58.339_38028578_14641002530,59.32_40546538_14069648686,60.328_43247867_17947864805,59.908_45598081_27860427491,62.069_47761980_45087309120
Namibia,Africa,41.725_485831_1177547676,45.226_548080_1436763252,48.386_621392_1971810785,51.159_706640_2680776460,53.867_821782_3078461894,56.437_977026_3787427570,58.968_1099010_4606061373,60.835_1278184_4721268295,61.999_1554253_5913214599,58.909_1774766_6920743073,51.479_1972153_8031247475,52.906_2055080_9887114066
Nepal,Asia,36.157_9182536_5012431652,37.686_9682338_5789421899,39.393_10332057_6740601537,41.472_11261690_7617882645,43.971_12412593_8375870414,46.748_13933198_9671206058,49.594_15796314_11347646973,52.537_17917180_13897146222,55.727_20326209_18247658193,59.426_23001113_23251644297,61.34_25873917_27354068343,63.785_28901790_31542251118
Netherlands,Europe,72.13_10381988_92831291731,72.99_11026383_1.24336e+11,73.23_11805689_1.51005e+11,73.82_12596822_1.93528e+11,73.75_13329874_2.50532e+11,75.24_13852989_2.93809e+11,76.05_14310401_3.06235e+11,76.83_14665278_3.46853e+11,77.42_15174244_4.06532e+11,78.03_15604464_4.71975e+11,78.53_16122830_5.43739e+11,79.762_16570613_6.09764e+11
New Zealand,Oceania,69.39_1994794_21058193787,70.26_2229407_27304428858,71.24_2488550_32788333487,71.52_2728150_39459740429,71.89_2929100_47000447797,72.22_3164900_51378093149,73.84_3210650_56611498451,74.32_3317166_63050008703,76.33_3437674_63127124700,77.55_3676187_77385257446,79.11_3908037_90626601698,80.204_4115771_1.03656e+11
Nicaragua,Americas,42.314_1165790_3628362767,45.432_1358828_4698033596,48.632_1590597_5780809121,51.884_1865490_8662204204,55.151_2182908_10234767751,57.47_2554598_14015472611,59.298_2979423_10339605320,62.008_3344353_9885855212,65.843_4017939_8719537248,68.426_4609572_10385471755,70.836_5146848_12736126640,72.899_5675356_15603375235
Niger,Africa,37.444_3379468_2574746971,38.598_3692184_3084906138,39.487_4076008_4066902657,40.118_4534062_4780646468,40.546_5060262_4828548738,41.291_5682086_4596222733,42.598_6437188_5856052413,44.555_7332638_4900402143,47.391_8392818_4877760836,51.313_9666252_5609376389,54.496_11140655_6696363647,56.867_12894865_7990649871
Nigeria,Africa,36.324_33119096_35678601208,37.802_37173340_40912701546,39.36_41871351_48190888407,41.04_47287752_47974091350,42.821_53740085_91271560517,44.514_62209173_1.23296e+11,45.826_73039376_1.15181e+11,46.886_81551520_1.12951e+11,47.472_93364244_1.51236e+11,47.464_106207839_1.72582e+11,46.608_119901274_1.93675e+11,46.859_135031164_2.7195e+11
Norway,Europe,72.67_3327728_33594817529,73.44_3491938_40694951309,73.47_3638919_48944921612,74.08_3786019_61946375191,74.34_3933004_74589639181,75.37_4043205_94252564410,75.97_4114787_1.08213e+11,75.89_4186147_1.32035e+11,77.32_4286357_1.45589e+11,78.32_4405672_1.8188e+11,79.05_4535591_2.02668e+11,80.196_4627926_2.28421e+11
Oman,Asia,37.578_507833_928435681.5,40.08_561977_1260371978,43.165_628164_1837152376,46.988_714775_3374411809,52.143_829050_8802884860,57.367_1004533_11902052463,62.728_1301048_16854804934,67.734_1593882_28873528073,71.197_1915208_35654866008,72.499_2283635_44992304220,74.193_2713462_53658268403,75.64_3204897_71521099580
Pakistan,Asia,43.436_41346560_28305736882,45.557_46679944_34873817306,47.67_53100671_42658038633,49.8_60641899_57149426447,51.929_69325921_72787986852,54.043_78152686_91901399757,56.158_91462088_1.32019e+11,58.245_105186881_1.79311e+11,60.838_120065004_2.36748e+11,61.818_135564834_2.7782e+11,63.61_153403524_3.21029e+11,65.483_169270617_4.4111e+11
Panama,Americas,55.191_940080_2331755944,59.201_1063506_3149893033,61.817_1215725_4299460457,64.071_1405486_6213666373,66.216_1616384_8670687327,68.681_1839782_9846351628,70.472_2036305_14273686782,71.523_2253639_15853852674,72.462_2484997_16447556623,73.738_2734531_19452611988,74.712_2990875_22000972011,75.537_3242173_31803076821
Paraguay,Americas,62.649_1555876_3037550252,63.196_1770902_3623539461,64.361_2009813_4317132882,64.951_2287985_5260938509,65.815_2614104_6596267899,66.353_2984494_9694750656,66.874_3366439_14335992614,67.378_3886512_15541678375,68.225_4483945_18816476471,69.4_5154123_21891623375,70.755_5884491_22264997030,71.752_6667147_27820927447
Peru,Americas,43.902_8025700_30164781548,46.263_9146100_38827542286,49.096_10516500_52130689938,51.445_12132200_70222305898,55.448_13954700_82860598386,58.447_15990099_1.00438e+11,61.406_18125129_1.16626e+11,64.134_20195924_1.28465e+11,66.458_22430449_99734320550,68.386_24748122_1.44488e+11,69.906_26769436_1.58181e+11,71.421_28674757_2.12449e+11
Philippines,Asia,47.752_22438691_28561783327,51.334_26072194_40358318274,54.757_30325264_50023104521,56.393_35356600_64141377892,58.065_40850141_81266211261,60.06_46850962_1.11187e+11,62.082_53456774_1.39163e+11,64.151_60017788_1.31417e+11,66.458_67185766_1.53138e+11,68.564_75012988_1.90273e+11,70.303_82995088_2.20013e+11,71.688_91077287_2.9058e+11
Poland,Europe,61.31_25730551_1.03677e+11,65.77_28235346_1.33673e+11,67.64_30329617_1.61922e+11,69.61_31785378_2.08422e+11,70.85_33039545_2.64531e+11,70.67_34621254_3.29184e+11,71.32_36227381_3.06177e+11,70.98_37740710_3.42774e+11,70.99_38370697_2.96946e+11,72.75_38654957_3.92718e+11,74.67_38625976_4.63598e+11,75.563_38518241_5.92793e+11
Portugal,Europe,59.82_8526050_26160648602,61.51_8817650_33282852530,64.39_9019800_42645207508,66.6_9103000_57908898290,69.26_8970450_80933619342,70.41_9662600_98292660518,72.77_9859650_1.15889e+11,74.06_9915289_1.29289e+11,74.86_9927680_1.60901e+11,75.97_10156415_1.7917e+11,77.29_10433867_2.08374e+11,78.098_10642836_2.18281e+11
Puerto Rico,Americas,64.28_2227000_6863524441,68.54_2260000_8830172987,69.62_2448046_12505462638,71.1_2648961_18355386423,72.16_2847132_25974504081,73.44_3080828_30101306751,73.75_3279001_33875323754,74.63_3444468_42302689206,73.911_3585176_52492666709,74.917_3759430_63908179531,77.778_3859606_72775210746,78.746_3942491_76203261314
Reunion,Africa,52.724_257700_700656740.5,55.09_308700_854929784.2,57.666_358900_1139049307,60.542_414024_1664863264,64.274_461633_2330165765,67.064_492095_2125753982,69.885_517810_2727418853,71.913_562035_2980683766,73.615_622191_3796146462,74.772_684810_4158126198,75.744_743981_4699106902,76.442_798094_6121478793
Romania,Europe,61.05_16630000_52294917283,64.1_17829327_70307637224,66.8_18680721_88453168840,66.8_19284814_1.24789e+11,69.21_20662648_1.65537e+11,69.46_21658597_2.02646e+11,69.66_22356726_2.14743e+11,69.53_22686371_2.19973e+11,69.36_22797027_1.50424e+11,69.72_22562458_1.65756e+11,71.322_22404337_1.76666e+11,72.476_22276056_2.4077e+11
Rwanda,Africa,40_2534927_1250540011,41.5_2822082_1524740986,43_3051242_1823034933,44.1_3451079_1763376144,44.6_3992121_2357669470,45_4657072_3120613605,46.218_5507565_4855307639,44.02_6349365_5384205754,23.599_7290203_5373379682,36.087_7212583_4255023708,43.413_7852401_6169268408,46.242_8860588_7647471286
Sao Tome and Principe,Africa,46.471_60011_52784690.55,48.945_61325_52784690.55,51.893_65345_70020507.87,54.425_70787_98028711.06,56.48_76595_117419005.5,58.55_86796_150813401.6,60.351_98593_186362274.8,61.728_110812_168049218.9,62.742_125911_179898843.3,63.306_145608_194980183.4,64.337_170372_230529056.7,65.528_199579_319014076.6
Saudi Arabia,Asia,39.875_4005677_25874890185,42.868_4419650_36053698159,45.914_4943029_57469729990,49.901_5618198_94964675299,53.886_6472756_1.60767e+11,58.69_8128505_2.77733e+11,63.012_11254672_3.79206e+11,66.295_14619745_3.09913e+11,68.768_16945857_4.20963e+11,70.533_21229759_4.3705e+11,71.626_24501530_4.65885e+11,72.777_27601038_5.97696e+11
Senegal,Africa,37.278_2755589_3996587748,39.329_3054547_4788469787,41.454_3430243_5677013482,43.563_3965841_6394540398,45.815_4588696_7331414921,48.879_5260855_8216240863,52.379_6147783_9335285431,55.769_7171347_10339079560,58.196_8307920_11364398526,60.187_9535314_13276669392,61.6_10870037_16518491524,63.062_12267493_21007739941
Serbia,Europe,57.996_6860147_24569338288,61.685_7271135_36218184316,64.531_7616060_47902193037,66.914_7971222_63703671182,68.7_8313288_87472977400,70.3_8686367_1.12755e+11,70.162_9032824_1.37128e+11,71.218_9230783_1.46501e+11,71.659_9826397_91631822559,72.232_10336594_81807115768,73.213_10111559_73168001829,74.002_10150265_99335920779
Sierra Leone,Africa,30.331_2143249_1885604185,31.57_2295678_2305972823,32.767_2467895_2755749969,34.113_2662190_3210716852,35.4_2879013_3897491954,36.788_3140897_4234824811,38.445_3464522_5075562091,40.006_3868905_5008095519,38.333_4260884_4553590872,39.897_4578212_2630861091,41.012_5359092_3748629725,42.568_6144562_5299935153
Singapore,Asia,60.396_1127000_2609160782,63.179_1445929_4110927115,65.798_1750200_6431522198,67.946_1977600_9843342905,69.521_2152400_18505810449,70.795_2325300_26066821068,71.76_2651869_40226628130,73.56_2794552_52709528648,75.788_3235865_80152023988,77.158_3802309_1.27451e+11,78.77_4197776_1.51217e+11,79.972_4553009_2.14643e+11
Slovak Republic,Europe,64.36_3558137_18056332320,67.45_3844277_23424190729,70.33_4237384_31700325638,70.98_4442238_37372114718,70.35_4593433_44437640821,70.45_4827803_52732470220,70.8_5048043_57287947438,71.08_5199318_62585582000,71.38_5302888_50369310507,72.71_5383010_65275620851,73.8_5410052_73786500198,74.663_5447502_1.0175e+11
Slovenia,Europe,65.57_1489518_6278380544,67.85_1533070_8987280432,69.15_1582962_11717564987,69.18_1646912_15490013354,69.82_1694510_20983941201,70.97_1746919_26687734268,71.063_1861252_33254471591,72.25_1945870_36346000745,73.64_1999210_28418203994,75.13_2011612_34521489479,76.66_2011497_41557566963,77.926_2009245_51774742721
Somalia,Africa,32.978_2526994_2870033036,34.977_2780415_3498171939,36.981_3080153_4218233607,38.977_3428839_4405143232,40.973_3840161_4817774314,41.974_4353666_6317136770,42.955_5828892_6859481089,44.501_6921858_7567286393,39.658_6099799_5654271489,43.795_6633514_6173124436,45.936_7753310_6839053810,48.159_9118773_8445270168
South Africa,Africa,45.009_14264935_67406033606,47.985_16151549_88625232661,49.951_18356657_1.05895e+11,51.927_20997321_1.49385e+11,53.696_23935810_1.85885e+11,55.527_27129932_2.17817e+11,58.161_31140029_2.66816e+11,60.834_35933379_2.81208e+11,61.888_39964159_2.88744e+11,60.236_42835005_3.20371e+11,53.365_44433622_3.42625e+11,49.339_43997828_4.07845e+11
Spain,Europe,64.94_28549870_1.09461e+11,66.66_29841614_1.36221e+11,69.69_31158061_1.77409e+11,71.44_32850275_2.62589e+11,73.06_34513161_3.67177e+11,74.39_36439000_4.8234e+11,76.3_37983310_5.28962e+11,76.9_38880702_6.12954e+11,77.57_39549438_7.35741e+11,78.77_39855442_8.14856e+11,79.78_40152517_9.97207e+11,80.941_40448191_1.16576e+12
Sri Lanka,Asia,57.593_7982342_8649123231,61.456_9128546_9790790994,62.192_10421936_11198078001,64.266_11737396_13327981308,65.042_13016733_15794445637,65.949_14116836_19040444666,68.757_15410151_25397158409,69.011_16495304_30957839348,70.379_17587060_37877940922,70.457_18698655_49822140984,70.815_19576783_59031417076,72.396_20378239_80903553057
Sudan,Africa,38.635_8504667_13743466427,39.624_9753392_17266791455,40.87_11183227_21914581924,42.858_12716129_21464795755,45.083_14597019_24225983090,47.8_17104986_37682086134,50.338_20367053_38606646599,51.744_24725960_37282276213,53.556_28227588_42121123345,55.373_32160729_52493088052,56.369_37090298_73935737499,58.556_42292929_1.10063e+11
Swaziland,Africa,41.407_290243_333308277.1,43.424_326741_406697255.6,44.992_370006_686798523.3,46.633_420690_1099305739,49.552_480105_1615474888,52.537_551425_2085164350,55.561_649901_2531613969,57.678_779348_3105576938,58.474_962344_3419229789,54.289_1054486_4087998066,43.869_1130269_4665882609,39.613_1133066_5114071458
Sweden,Europe,71.86_7124673_60758104612,72.49_7363802_72989108704,73.37_7561588_93230160069,74.16_7867931_1.20051e+11,74.72_8122293_1.44837e+11,75.44_8251648_1.55591e+11,76.42_8325260_1.72061e+11,77.19_8421403_1.98635e+11,78.16_8718867_2.08207e+11,79.39_8897619_2.24813e+11,80.04_8954175_2.6273e+11,80.884_9031088_3.0579e+11
Switzerland,Europe,69.62_4815000_70945330691,70.56_5126000_91804044356,71.32_5666000_1.15763e+11,72.77_6063000_1.39244e+11,73.78_6401400_1.74087e+11,75.39_6316424_1.70432e+11,76.21_6468126_1.8368e+11,77.41_6649942_2.01372e+11,78.03_6995447_2.22956e+11,79.37_7193761_2.31174e+11,80.62_7361757_2.5384e+11,81.701_7554661_2.83348e+11
Syria,Asia,45.883_3661549_6017702154,48.284_4149908_8786330020,50.305_4834621_10602503377,53.655_5680812_10690854352,57.296_6701172_17231547902,61.195_7932503_25348191033,64.59_9410494_35400751246,66.974_11242847_35041416420,69.249_13219062_44158841964,71.527_15081016_60538802165,73.053_17155814_70183154067,74.143_19314747_80823487648
Taiwan,Asia,58.5_8550362_10319841571,62.4_10164215_15326226342,65.2_11918938_21726782116,67.5_13648692_36085212828,69.39_15226039_61856147294,70.59_16785196_93938682197,72.16_18501390_1.37398e+11,73.4_19757799_2.18414e+11,74.26_20686918_3.14765e+11,75.25_21628605_4.37045e+11,76.99_22454239_5.21734e+11,78.4_23174294_6.65526e+11
Tanzania,Africa,41.215_8322925_5964624801,42.974_9452826_6603135551,44.246_10863958_7843819038,45.757_12607312_10693757259,47.62_14706593_13471019460,49.919_17129565_16487074298,50.608_19844382_17348804252,51.535_23040630_19165704757,50.44_26605473_21967672236,48.466_30686889_24217670029,49.651_34593779_31102374563,52.517_38139640_42238971728
Thailand,Asia,50.848_21289402_16133053860,53.63_25041917_19872699754,56.061_29263397_29327752243,58.285_34024249_44077076066,60.405_39276153_59870954797,62.494_44148285_86584704135,64.597_48827160_1.16854e+11,66.084_52910342_1.57813e+11,67.298_56667095_2.61626e+11,67.521_60216677_3.52426e+11,68.564_62806748_3.71388e+11,70.616_65068149_4.85304e+11
Togo,Africa,38.596_1219113_1048203911,41.208_1357445_1256869620,43.922_1528098_1631297808,46.769_1735550_2564443057,49.759_2056351_3392280377,52.887_2308582_3538541388,55.471_2644765_3556092710,56.941_3154264_3792060474,58.061_3747553_3876089961,58.39_4320890_4244353748,57.561_4977378_4411054801,58.42_5701579_5034322889
Trinidad and Tobago,Americas,59.1_662850_2003975797,61.8_764900_3136390912,64.9_887498_4435292529,65.4_960155_5397385045,65.9_975199_6455379924,68.3_1039009_8207707919,68.832_1116479_10181762180,69.582_1191336_8802302576,69.862_1183669_8724813465,69.465_1138101_10006836267,68.976_1101832_12627656073,69.819_1056608_19027934931
Tunisia,Africa,44.6_3647735_5356609956,47.1_3950849_5512352801,49.579_4286552_7116976045,52.053_4786986_9250181066,55.602_5303507_14602071542,59.837_6005061_18741055624,64.048_6734098_23974959097,66.894_7724976_29435397612,70.001_8523077_36928107577,71.973_9231669_45020990584,73.042_9770575_55915981214,73.923_10276158_72887997687
Turkey,Europe,43.585_22235677_43784293372,48.079_25670939_56957505187,52.098_29788695_69195263214,54.336_33411317_94432289201,57.005_37492953_1.29377e+11,59.507_42404033_1.81028e+11,61.036_47328791_2.00738e+11,63.108_52881328_2.69115e+11,66.146_58179144_3.30361e+11,68.835_63047647_4.16205e+11,70.845_67308928_4.38052e+11,71.777_71158647_6.0188e+11
Uganda,Africa,39.978_5824797_4279789889,42.571_6675501_5169314847,45.344_7688797_5899396651,48.051_8900294_8089642065,51.016_10190285_9688269465,50.35_11457758_9667290103,49.849_12939400_8828115615,51.509_15283050_9440712991,48.825_18252190_11757527777,44.578_21210254_17319425514,47.813_24739869_22951696053,51.542_29170398_30815028569
United Kingdom,Europe,69.18_50430000_5.03267e+11,70.42_51430000_5.80294e+11,70.76_53292000_6.64934e+11,71.36_54959000_7.77277e+11,72.01_56079000_8.91382e+11,72.76_56179000_9.7913e+11,74.04_56339704_1.02721e+12,75.007_56981620_1.23449e+12,76.42_57866349_1.31386e+12,77.218_58808266_1.5334e+12,78.471_59912431_1.76616e+12,79.425_60776238_2.01797e+12
United States,Americas,68.44_157553000_2.20424e+12,69.49_171984000_2.55347e+12,70.21_186538000_3.01691e+12,70.76_198712000_3.88092e+12,71.34_209896000_4.577e+12,73.38_220239000_5.30173e+12,74.65_232187835_5.80692e+12,75.02_242803533_7.25603e+12,76.09_256894189_8.22162e+12,76.81_272911760_9.76135e+12,77.31_287675526_1.12473e+13,78.242_301139947_1.29345e+13
Uruguay,Americas,66.071_2252965_12879675387,67.044_2424959_14915372268,68.253_2598466_14560134513,68.468_2748579_14964967151,68.673_2829526_16137943766,69.481_2873520_18690350108,70.805_2953997_20442318132,71.918_3045153_22693695078,72.752_3149262_25625559932,74.223_3262838_30116780131,75.307_3363085_25986564535,76.384_3447496_36582976212
Venezuela,Americas,55.088_5439568_41829188706,57.907_6702668_65702678705,60.77_8143375_68591437241,63.479_9709552_92643439785,65.712_11515649_1.20975e+11,67.456_13503563_1.7749e+11,68.557_15620766_1.74209e+11,70.19_17910182_1.77017e+11,71.15_20265563_2.17529e+11,72.146_22374398_2.27447e+11,72.766_24287670_2.08997e+11,73.747_26084662_2.97777e+11
Vietnam,Asia,40.412_26246839_15881082792,42.887_28998543_19611292638,45.363_33796140_26092281505,47.838_39463910_25143376124,50.254_44655014_31236255710,55.764_50533506_36057532315,58.816_56142181_39705759524,62.82_62826491_51567948938,67.662_69940728_69172999029,70.672_76048996_1.05396e+11,73.017_80908147_1.42759e+11,74.249_85262356_2.08175e+11
West Bank and Gaza,Asia,43.16_1030585_1561946720,45.671_1070439_1955764567,48.127_1133134_2491712162,51.631_1142636_3027659757,56.532_1089572_3414075013,60.765_1261091_4644385652,64.406_1425876_6182644081,67.046_1691210_8637343288,69.718_2104779_12665833360,71.096_2826046_20095073782,72.37_3389578_15305597343,73.422_4018332_12156859904
"Yemen, Rep.",Asia,32.548_4963829_3880312374,33.97_5498090_4425030275,35.18_6120081_5052880863,36.984_6740785_5813537083,39.848_7407075_9370298237,44.175_8403990_15377328250,49.113_9657618_19098490176,52.922_11219340_22121638707,55.599_13367997_25125105886,58.02_15826497_33512362498,60.308_18701257_41793958635,62.698_22211743_50659874994
Zambia,Africa,42.038_2672000_3065822956,44.077_3016000_3956861606,46.023_3421000_4969774845,47.768_3900000_6930601540,50.107_4506497_7992264611,51.386_5216550_8287471946,51.821_6100407_8593512579,50.821_7272406_8823720129,46.1_8381163_10148621483,40.238_9417789_10089784202,39.193_10595811_11354618752,42.384_11746035_14931695864
Zimbabwe,Africa,48.451_3080907_1253572117,50.469_3646340_1891590901,52.358_4277736_2255531194,53.995_4995432_2846372532,55.635_5861135_4685169626,57.674_6642107_4553746742,60.363_7636524_6024110454,62.351_9216418_6508240905,60.377_10704340_7422611852,46.809_11404948_9037850590,39.989_11926563_8015110972,43.487_12311143_5782658337
